"STATION","NAME","LATITUDE","LONGITUDE","ELEVATION","DATE","PRCP"
"MYM00048650","KUALA LUMPUR INTERNATIONAL, MY","2.746","101.71","21.0","2006-01","13.87"
"MYM00048650","KUALA LUMPUR INTERNATIONAL, MY","2.746","101.71","21.0","2006-02","17.59"
"MYM00048650","KUALA LUMPUR INTERNATIONAL, MY","2.746","101.71","21.0","2006-03","10.00"
"MYM00048650","KUALA LUMPUR INTERNATIONAL, MY","2.746","101.71","21.0","2006-04","9.16"
"MYM00048650","KUALA LUMPUR INTERNATIONAL, MY","2.746","101.71","21.0","2006-05","7.93"
"MYM00048650","KUALA LUMPUR INTERNATIONAL, MY","2.746","101.71","21.0","2006-06","6.15"
"MYM00048650","KUALA LUMPUR INTERNATIONAL, MY","2.746","101.71","21.0","2006-07","5.52"
"MYM00048650","KUALA LUMPUR INTERNATIONAL, MY","2.746","101.71","21.0","2006-08","7.80"
"MYM00048650","KUALA LUMPUR INTERNATIONAL, MY","2.746","101.71","21.0","2006-09","26.35"
"MYM00048650","KUALA LUMPUR INTERNATIONAL, MY","2.746","101.71","21.0","2006-10","15.11"
"MYM00048650","KUALA LUMPUR INTERNATIONAL, MY","2.746","101.71","21.0","2011-01","5.28"
"MYM00048650","KUALA LUMPUR INTERNATIONAL, MY","2.746","101.71","21.0","2011-02","2.41"
"MYM00048650","KUALA LUMPUR INTERNATIONAL, MY","2.746","101.71","21.0","2011-03","7.19"
"MYM00048650","KUALA LUMPUR INTERNATIONAL, MY","2.746","101.71","21.0","2011-04","4.16"
"MYM00048650","KUALA LUMPUR INTERNATIONAL, MY","2.746","101.71","21.0","2011-05","1.33"
"MYM00048650","KUALA LUMPUR INTERNATIONAL, MY","2.746","101.71","21.0","2011-06","3.63"
"MYM00048650","KUALA LUMPUR INTERNATIONAL, MY","2.746","101.71","21.0","2011-07","3.07"
"MYM00048650","KUALA LUMPUR INTERNATIONAL, MY","2.746","101.71","21.0","2011-08","4.09"
"MYM00048650","KUALA LUMPUR INTERNATIONAL, MY","2.746","101.71","21.0","2011-09","8.46"
"MYM00048650","KUALA LUMPUR INTERNATIONAL, MY","2.746","101.71","21.0","2011-10","12.32"
"MYM00048650","KUALA LUMPUR INTERNATIONAL, MY","2.746","101.71","21.0","2011-11","8.15"
"MYM00048650","KUALA LUMPUR INTERNATIONAL, MY","2.746","101.71","21.0","2011-12","4.36"
"MYM00048650","KUALA LUMPUR INTERNATIONAL, MY","2.746","101.71","21.0","2012-01","5.14"
"MYM00048650","KUALA LUMPUR INTERNATIONAL, MY","2.746","101.71","21.0","2012-02","6.35"
"MYM00048650","KUALA LUMPUR INTERNATIONAL, MY","2.746","101.71","21.0","2012-03","8.13"
"MYM00048650","KUALA LUMPUR INTERNATIONAL, MY","2.746","101.71","21.0","2012-04","5.92"
"MYM00048650","KUALA LUMPUR INTERNATIONAL, MY","2.746","101.71","21.0","2012-05","4.37"
"MYM00048650","KUALA LUMPUR INTERNATIONAL, MY","2.746","101.71","21.0","2012-06","0.78"
"MYM00048650","KUALA LUMPUR INTERNATIONAL, MY","2.746","101.71","21.0","2012-07","5.94"
"MYM00048650","KUALA LUMPUR INTERNATIONAL, MY","2.746","101.71","21.0","2012-08","3.91"
"MYM00048650","KUALA LUMPUR INTERNATIONAL, MY","2.746","101.71","21.0","2012-09","10.64"
"MYM00048650","KUALA LUMPUR INTERNATIONAL, MY","2.746","101.71","21.0","2012-10","10.56"
"MYM00048650","KUALA LUMPUR INTERNATIONAL, MY","2.746","101.71","21.0","2012-11","18.65"
"MYM00048650","KUALA LUMPUR INTERNATIONAL, MY","2.746","101.71","21.0","2012-12","8.94"
"MYM00048650","KUALA LUMPUR INTERNATIONAL, MY","2.746","101.71","21.0","2013-01","8.04"
"MYM00048650","KUALA LUMPUR INTERNATIONAL, MY","2.746","101.71","21.0","2013-02","7.02"
"MYM00048650","KUALA LUMPUR INTERNATIONAL, MY","2.746","101.71","21.0","2013-03","3.64"
"MYM00048650","KUALA LUMPUR INTERNATIONAL, MY","2.746","101.71","21.0","2013-04","1.05"
"MYM00048650","KUALA LUMPUR INTERNATIONAL, MY","2.746","101.71","21.0","2013-05","1.29"
"MYM00048650","KUALA LUMPUR INTERNATIONAL, MY","2.746","101.71","21.0","2013-06","0.12"
"MYM00048650","KUALA LUMPUR INTERNATIONAL, MY","2.746","101.71","21.0","2013-07","5.12"
"MYM00048650","KUALA LUMPUR INTERNATIONAL, MY","2.746","101.71","21.0","2013-08","5.60"
"MYM00048650","KUALA LUMPUR INTERNATIONAL, MY","2.746","101.71","21.0","2013-09","3.92"
"MYM00048650","KUALA LUMPUR INTERNATIONAL, MY","2.746","101.71","21.0","2013-10","6.00"
"MYM00048650","KUALA LUMPUR INTERNATIONAL, MY","2.746","101.71","21.0","2013-11","11.33"
"MYM00048650","KUALA LUMPUR INTERNATIONAL, MY","2.746","101.71","21.0","2013-12","7.10"
"MYM00048650","KUALA LUMPUR INTERNATIONAL, MY","2.746","101.71","21.0","2014-01","3.34"
"MYM00048650","KUALA LUMPUR INTERNATIONAL, MY","2.746","101.71","21.0","2014-02","0.15"
"MYM00048650","KUALA LUMPUR INTERNATIONAL, MY","2.746","101.71","21.0","2014-03","3.77"
"MYM00048650","KUALA LUMPUR INTERNATIONAL, MY","2.746","101.71","21.0","2014-04","5.08"
"MYM00048650","KUALA LUMPUR INTERNATIONAL, MY","2.746","101.71","21.0","2014-05","11.77"
"MYM00048650","KUALA LUMPUR INTERNATIONAL, MY","2.746","101.71","21.0","2014-06","3.51"
"MYM00048650","KUALA LUMPUR INTERNATIONAL, MY","2.746","101.71","21.0","2014-07","2.32"
"MYM00048650","KUALA LUMPUR INTERNATIONAL, MY","2.746","101.71","21.0","2014-08","5.67"
"MYM00048650","KUALA LUMPUR INTERNATIONAL, MY","2.746","101.71","21.0","2014-09","7.11"
"MYM00048650","KUALA LUMPUR INTERNATIONAL, MY","2.746","101.71","21.0","2014-10","9.28"
"MYM00048650","KUALA LUMPUR INTERNATIONAL, MY","2.746","101.71","21.0","2014-11","20.06"
"MYM00048650","KUALA LUMPUR INTERNATIONAL, MY","2.746","101.71","21.0","2014-12","15.08"
"MYM00048650","KUALA LUMPUR INTERNATIONAL, MY","2.746","101.71","21.0","2015-01","7.45"
"MYM00048650","KUALA LUMPUR INTERNATIONAL, MY","2.746","101.71","21.0","2015-02","2.40"
"MYM00048650","KUALA LUMPUR INTERNATIONAL, MY","2.746","101.71","21.0","2015-05","6.99"
"MYM00048650","KUALA LUMPUR INTERNATIONAL, MY","2.746","101.71","21.0","2015-06","5.98"
"MYM00048650","KUALA LUMPUR INTERNATIONAL, MY","2.746","101.71","21.0","2015-07","4.51"
"MYM00048650","KUALA LUMPUR INTERNATIONAL, MY","2.746","101.71","21.0","2015-08","1.96"
"MYM00048650","KUALA LUMPUR INTERNATIONAL, MY","2.746","101.71","21.0","2015-09","6.90"
"MYM00048650","KUALA LUMPUR INTERNATIONAL, MY","2.746","101.71","21.0","2015-10","2.82"
"MYM00048650","KUALA LUMPUR INTERNATIONAL, MY","2.746","101.71","21.0","2015-11","14.40"
"MYM00048650","KUALA LUMPUR INTERNATIONAL, MY","2.746","101.71","21.0","2015-12","10.06"
"MYM00048650","KUALA LUMPUR INTERNATIONAL, MY","2.746","101.71","21.0","2016-01","3.29"
"MYM00048650","KUALA LUMPUR INTERNATIONAL, MY","2.746","101.71","21.0","2016-02","4.07"
"MYM00048650","KUALA LUMPUR INTERNATIONAL, MY","2.746","101.71","21.0","2016-03","3.61"
"MYM00048650","KUALA LUMPUR INTERNATIONAL, MY","2.746","101.71","21.0","2016-04","1.19"
"MYM00048650","KUALA LUMPUR INTERNATIONAL, MY","2.746","101.71","21.0","2016-05","13.60"
"MYM00048650","KUALA LUMPUR INTERNATIONAL, MY","2.746","101.71","21.0","2016-06","4.74"
"MYM00048650","KUALA LUMPUR INTERNATIONAL, MY","2.746","101.71","21.0","2016-07","7.37"
"MYM00048650","KUALA LUMPUR INTERNATIONAL, MY","2.746","101.71","21.0","2016-08","2.54"
"MYM00048650","KUALA LUMPUR INTERNATIONAL, MY","2.746","101.71","21.0","2016-09","8.74"
"MYM00048650","KUALA LUMPUR INTERNATIONAL, MY","2.746","101.71","21.0","2016-10","5.68"
"MYM00048650","KUALA LUMPUR INTERNATIONAL, MY","2.746","101.71","21.0","2016-11","7.10"
"MYM00048650","KUALA LUMPUR INTERNATIONAL, MY","2.746","101.71","21.0","2016-12","4.63"
"MYM00048650","KUALA LUMPUR INTERNATIONAL, MY","2.746","101.71","21.0","2017-01","9.30"
"MYM00048650","KUALA LUMPUR INTERNATIONAL, MY","2.746","101.71","21.0","2017-02","6.80"
"MYM00048650","KUALA LUMPUR INTERNATIONAL, MY","2.746","101.71","21.0","2017-03","7.60"
"MYM00048650","KUALA LUMPUR INTERNATIONAL, MY","2.746","101.71","21.0","2017-04","9.31"
"MYM00048650","KUALA LUMPUR INTERNATIONAL, MY","2.746","101.71","21.0","2017-05","4.74"
"MYM00048650","KUALA LUMPUR INTERNATIONAL, MY","2.746","101.71","21.0","2017-06","4.76"
"MYM00048650","KUALA LUMPUR INTERNATIONAL, MY","2.746","101.71","21.0","2017-07","3.85"
"MYM00048650","KUALA LUMPUR INTERNATIONAL, MY","2.746","101.71","21.0","2017-08","8.61"
"MYM00048650","KUALA LUMPUR INTERNATIONAL, MY","2.746","101.71","21.0","2017-09","12.20"
"MYM00048650","KUALA LUMPUR INTERNATIONAL, MY","2.746","101.71","21.0","2017-10","6.41"
"MYM00048650","KUALA LUMPUR INTERNATIONAL, MY","2.746","101.71","21.0","2017-11","11.98"
"MYM00048650","KUALA LUMPUR INTERNATIONAL, MY","2.746","101.71","21.0","2017-12","4.64"
"MYM00048650","KUALA LUMPUR INTERNATIONAL, MY","2.746","101.71","21.0","2018-01","11.61"
"MYM00048650","KUALA LUMPUR INTERNATIONAL, MY","2.746","101.71","21.0","2018-02","2.26"
"MYM00048650","KUALA LUMPUR INTERNATIONAL, MY","2.746","101.71","21.0","2018-03","8.16"
"MYM00048650","KUALA LUMPUR INTERNATIONAL, MY","2.746","101.71","21.0","2018-04","4.26"
"MYM00048650","KUALA LUMPUR INTERNATIONAL, MY","2.746","101.71","21.0","2018-05","7.68"
"MYM00048650","KUALA LUMPUR INTERNATIONAL, MY","2.746","101.71","21.0","2018-06","8.78"
"MYM00048650","KUALA LUMPUR INTERNATIONAL, MY","2.746","101.71","21.0","2018-07","5.01"
"MYM00048650","KUALA LUMPUR INTERNATIONAL, MY","2.746","101.71","21.0","2018-08","4.28"
"MYM00048650","KUALA LUMPUR INTERNATIONAL, MY","2.746","101.71","21.0","2018-09","7.13"
"MYM00048650","KUALA LUMPUR INTERNATIONAL, MY","2.746","101.71","21.0","2018-10","12.47"
"MYM00048650","KUALA LUMPUR INTERNATIONAL, MY","2.746","101.71","21.0","2018-11","16.10"
"MYM00048650","KUALA LUMPUR INTERNATIONAL, MY","2.746","101.71","21.0","2018-12","12.30"
"MYM00048650","KUALA LUMPUR INTERNATIONAL, MY","2.746","101.71","21.0","2019-01","6.62"
"MYM00048650","KUALA LUMPUR INTERNATIONAL, MY","2.746","101.71","21.0","2019-02","3.40"
"MYM00048650","KUALA LUMPUR INTERNATIONAL, MY","2.746","101.71","21.0","2019-03","5.19"
"MYM00048650","KUALA LUMPUR INTERNATIONAL, MY","2.746","101.71","21.0","2019-04","4.32"
"MYM00048650","KUALA LUMPUR INTERNATIONAL, MY","2.746","101.71","21.0","2019-05","2.14"
"MYM00048650","KUALA LUMPUR INTERNATIONAL, MY","2.746","101.71","21.0","2019-06","7.73"
"MYM00048650","KUALA LUMPUR INTERNATIONAL, MY","2.746","101.71","21.0","2019-07","2.63"
"MYM00048650","KUALA LUMPUR INTERNATIONAL, MY","2.746","101.71","21.0","2019-08","4.36"
"MYM00048650","KUALA LUMPUR INTERNATIONAL, MY","2.746","101.71","21.0","2019-09","4.87"
"MYM00048650","KUALA LUMPUR INTERNATIONAL, MY","2.746","101.71","21.0","2020-05","9.88"
"MYM00048650","KUALA LUMPUR INTERNATIONAL, MY","2.746","101.71","21.0","2020-06","10.23"
"MYM00048650","KUALA LUMPUR INTERNATIONAL, MY","2.746","101.71","21.0","2020-08","3.28"
"MYM00048650","KUALA LUMPUR INTERNATIONAL, MY","2.746","101.71","21.0","2020-09","6.46"
"MYM00048650","KUALA LUMPUR INTERNATIONAL, MY","2.746","101.71","21.0","2020-11","6.96"
"MYM00048650","KUALA LUMPUR INTERNATIONAL, MY","2.746","101.71","21.0","2021-04","8.65"
"MYM00048650","KUALA LUMPUR INTERNATIONAL, MY","2.746","101.71","21.0","2021-12","15.27"
"MYM00048650","KUALA LUMPUR INTERNATIONAL, MY","2.746","101.71","21.0","2022-01","7.85"
"MYM00048650","KUALA LUMPUR INTERNATIONAL, MY","2.746","101.71","21.0","2022-02","5.15"
"MYM00048650","KUALA LUMPUR INTERNATIONAL, MY","2.746","101.71","21.0","2022-05","5.68"
"MYM00048650","KUALA LUMPUR INTERNATIONAL, MY","2.746","101.71","21.0","2022-06","6.39"
"MYM00048650","KUALA LUMPUR INTERNATIONAL, MY","2.746","101.71","21.0","2022-08","12.13"
"MYM00048650","KUALA LUMPUR INTERNATIONAL, MY","2.746","101.71","21.0","2022-09","8.80"
"MYM00048650","KUALA LUMPUR INTERNATIONAL, MY","2.746","101.71","21.0","2022-10","11.88"
"MYM00048650","KUALA LUMPUR INTERNATIONAL, MY","2.746","101.71","21.0","2022-11","12.24"
"MYM00048650","KUALA LUMPUR INTERNATIONAL, MY","2.746","101.71","21.0","2022-12","7.79"
"MYM00048650","KUALA LUMPUR INTERNATIONAL, MY","2.746","101.71","21.0","2023-01","7.87"
"MYM00048650","KUALA LUMPUR INTERNATIONAL, MY","2.746","101.71","21.0","2023-02","3.15"
"MYM00048650","KUALA LUMPUR INTERNATIONAL, MY","2.746","101.71","21.0","2023-04","8.98"
"MYM00048650","KUALA LUMPUR INTERNATIONAL, MY","2.746","101.71","21.0","2023-05","5.47"
"MYM00048650","KUALA LUMPUR INTERNATIONAL, MY","2.746","101.71","21.0","2023-06","4.13"
"MYM00048650","KUALA LUMPUR INTERNATIONAL, MY","2.746","101.71","21.0","2023-07","12.12"
"MYM00048650","KUALA LUMPUR INTERNATIONAL, MY","2.746","101.71","21.0","2023-08","10.03"
"MYM00048650","KUALA LUMPUR INTERNATIONAL, MY","2.746","101.71","21.0","2023-10","4.85"
"MYM00048650","KUALA LUMPUR INTERNATIONAL, MY","2.746","101.71","21.0","2023-11","8.99"
"MYM00048650","KUALA LUMPUR INTERNATIONAL, MY","2.746","101.71","21.0","2023-12","18.69"
"MYM00048650","KUALA LUMPUR INTERNATIONAL, MY","2.746","101.71","21.0","2024-01","6.68"
"MYM00048650","KUALA LUMPUR INTERNATIONAL, MY","2.746","101.71","21.0","2024-04","7.69"
"MYM00048650","KUALA LUMPUR INTERNATIONAL, MY","2.746","101.71","21.0","2024-05","13.74"
"MYM00048650","KUALA LUMPUR INTERNATIONAL, MY","2.746","101.71","21.0","2024-08","7.80"
"MYM00048650","KUALA LUMPUR INTERNATIONAL, MY","2.746","101.71","21.0","2024-10","6.56"
"MYM00048650","KUALA LUMPUR INTERNATIONAL, MY","2.746","101.71","21.0","2024-11","12.24"
"MYM00048650","KUALA LUMPUR INTERNATIONAL, MY","2.746","101.71","21.0","2025-01","8.24"
"MYM00048650","KUALA LUMPUR INTERNATIONAL, MY","2.746","101.71","21.0","2025-04","10.13"
"MYM00048647","SULTAN ABDUL AZIZ SHAH INTERNATIONAL, MY","3.131","101.549","27.4","2006-11","19.61"
"MYM00048647","SULTAN ABDUL AZIZ SHAH INTERNATIONAL, MY","3.131","101.549","27.4","2006-12","11.55"
"MYM00048647","SULTAN ABDUL AZIZ SHAH INTERNATIONAL, MY","3.131","101.549","27.4","2007-01","14.82"
"MYM00048647","SULTAN ABDUL AZIZ SHAH INTERNATIONAL, MY","3.131","101.549","27.4","2007-02","7.76"
"MYM00048647","SULTAN ABDUL AZIZ SHAH INTERNATIONAL, MY","3.131","101.549","27.4","2007-03","10.24"
"MYM00048647","SULTAN ABDUL AZIZ SHAH INTERNATIONAL, MY","3.131","101.549","27.4","2007-04","24.86"
"MYM00048647","SULTAN ABDUL AZIZ SHAH INTERNATIONAL, MY","3.131","101.549","27.4","2007-05","2.70"
"MYM00048647","SULTAN ABDUL AZIZ SHAH INTERNATIONAL, MY","3.131","101.549","27.4","2007-06","7.35"
"MYM00048647","SULTAN ABDUL AZIZ SHAH INTERNATIONAL, MY","3.131","101.549","27.4","2007-07","6.08"
"MYM00048647","SULTAN ABDUL AZIZ SHAH INTERNATIONAL, MY","3.131","101.549","27.4","2007-08","3.59"
"MYM00048647","SULTAN ABDUL AZIZ SHAH INTERNATIONAL, MY","3.131","101.549","27.4","2007-09","4.65"
"MYM00048647","SULTAN ABDUL AZIZ SHAH INTERNATIONAL, MY","3.131","101.549","27.4","2007-10","13.09"
"MYM00048647","SULTAN ABDUL AZIZ SHAH INTERNATIONAL, MY","3.131","101.549","27.4","2007-11","9.08"
"MYM00048647","SULTAN ABDUL AZIZ SHAH INTERNATIONAL, MY","3.131","101.549","27.4","2007-12","5.92"
"MYM00048647","SULTAN ABDUL AZIZ SHAH INTERNATIONAL, MY","3.131","101.549","27.4","2008-01","14.75"
"MYM00048647","SULTAN ABDUL AZIZ SHAH INTERNATIONAL, MY","3.131","101.549","27.4","2008-02","6.39"
"MYM00048647","SULTAN ABDUL AZIZ SHAH INTERNATIONAL, MY","3.131","101.549","27.4","2008-03","21.46"
"MYM00048647","SULTAN ABDUL AZIZ SHAH INTERNATIONAL, MY","3.131","101.549","27.4","2008-04","12.83"
"MYM00048647","SULTAN ABDUL AZIZ SHAH INTERNATIONAL, MY","3.131","101.549","27.4","2008-05","3.25"
"MYM00048647","SULTAN ABDUL AZIZ SHAH INTERNATIONAL, MY","3.131","101.549","27.4","2008-06","7.92"
"MYM00048647","SULTAN ABDUL AZIZ SHAH INTERNATIONAL, MY","3.131","101.549","27.4","2008-07","4.28"
"MYM00048647","SULTAN ABDUL AZIZ SHAH INTERNATIONAL, MY","3.131","101.549","27.4","2008-08","7.64"
"MYM00048647","SULTAN ABDUL AZIZ SHAH INTERNATIONAL, MY","3.131","101.549","27.4","2008-09","6.87"
"MYM00048647","SULTAN ABDUL AZIZ SHAH INTERNATIONAL, MY","3.131","101.549","27.4","2008-10","16.32"
"MYM00048647","SULTAN ABDUL AZIZ SHAH INTERNATIONAL, MY","3.131","101.549","27.4","2008-11","18.30"
"MYM00048647","SULTAN ABDUL AZIZ SHAH INTERNATIONAL, MY","3.131","101.549","27.4","2008-12","8.03"
"MYM00048647","SULTAN ABDUL AZIZ SHAH INTERNATIONAL, MY","3.131","101.549","27.4","2009-01","10.86"
"MYM00048647","SULTAN ABDUL AZIZ SHAH INTERNATIONAL, MY","3.131","101.549","27.4","2009-02","10.29"
"MYM00048647","SULTAN ABDUL AZIZ SHAH INTERNATIONAL, MY","3.131","101.549","27.4","2009-03","15.00"
"MYM00048647","SULTAN ABDUL AZIZ SHAH INTERNATIONAL, MY","3.131","101.549","27.4","2009-04","10.45"
"MYM00048647","SULTAN ABDUL AZIZ SHAH INTERNATIONAL, MY","3.131","101.549","27.4","2009-05","2.02"
"MYM00048647","SULTAN ABDUL AZIZ SHAH INTERNATIONAL, MY","3.131","101.549","27.4","2009-06","5.58"
"MYM00048647","SULTAN ABDUL AZIZ SHAH INTERNATIONAL, MY","3.131","101.549","27.4","2009-07","4.32"
"MYM00048647","SULTAN ABDUL AZIZ SHAH INTERNATIONAL, MY","3.131","101.549","27.4","2009-08","7.22"
"MYM00048647","SULTAN ABDUL AZIZ SHAH INTERNATIONAL, MY","3.131","101.549","27.4","2009-09","7.48"
"MYM00048647","SULTAN ABDUL AZIZ SHAH INTERNATIONAL, MY","3.131","101.549","27.4","2009-10","9.49"
"MYM00048647","SULTAN ABDUL AZIZ SHAH INTERNATIONAL, MY","3.131","101.549","27.4","2009-11","13.48"
"MYM00048647","SULTAN ABDUL AZIZ SHAH INTERNATIONAL, MY","3.131","101.549","27.4","2009-12","14.15"
"MYM00048647","SULTAN ABDUL AZIZ SHAH INTERNATIONAL, MY","3.131","101.549","27.4","2010-01","8.25"
"MYM00048647","SULTAN ABDUL AZIZ SHAH INTERNATIONAL, MY","3.131","101.549","27.4","2010-02","12.61"
"MYM00048647","SULTAN ABDUL AZIZ SHAH INTERNATIONAL, MY","3.131","101.549","27.4","2010-03","9.80"
"MYM00048647","SULTAN ABDUL AZIZ SHAH INTERNATIONAL, MY","3.131","101.549","27.4","2010-04","15.64"
"MYM00048647","SULTAN ABDUL AZIZ SHAH INTERNATIONAL, MY","3.131","101.549","27.4","2010-05","16.45"
"MYM00048647","SULTAN ABDUL AZIZ SHAH INTERNATIONAL, MY","3.131","101.549","27.4","2010-06","7.48"
"MYM00048647","SULTAN ABDUL AZIZ SHAH INTERNATIONAL, MY","3.131","101.549","27.4","2010-07","8.96"
"MYM00048647","SULTAN ABDUL AZIZ SHAH INTERNATIONAL, MY","3.131","101.549","27.4","2010-08","7.08"
"MYM00048647","SULTAN ABDUL AZIZ SHAH INTERNATIONAL, MY","3.131","101.549","27.4","2010-09","12.13"
"MYM00048647","SULTAN ABDUL AZIZ SHAH INTERNATIONAL, MY","3.131","101.549","27.4","2010-10","6.20"
"MYM00048647","SULTAN ABDUL AZIZ SHAH INTERNATIONAL, MY","3.131","101.549","27.4","2010-11","9.78"
"MYM00048647","SULTAN ABDUL AZIZ SHAH INTERNATIONAL, MY","3.131","101.549","27.4","2010-12","9.60"
"MYM00048647","SULTAN ABDUL AZIZ SHAH INTERNATIONAL, MY","3.131","101.549","27.4","2011-01","7.10"
"MYM00048647","SULTAN ABDUL AZIZ SHAH INTERNATIONAL, MY","3.131","101.549","27.4","2011-02","3.64"
"MYM00048647","SULTAN ABDUL AZIZ SHAH INTERNATIONAL, MY","3.131","101.549","27.4","2011-03","11.92"
"MYM00048647","SULTAN ABDUL AZIZ SHAH INTERNATIONAL, MY","3.131","101.549","27.4","2011-04","11.67"
"MYM00048647","SULTAN ABDUL AZIZ SHAH INTERNATIONAL, MY","3.131","101.549","27.4","2011-05","7.96"
"MYM00048647","SULTAN ABDUL AZIZ SHAH INTERNATIONAL, MY","3.131","101.549","27.4","2011-06","4.90"
"MYM00048647","SULTAN ABDUL AZIZ SHAH INTERNATIONAL, MY","3.131","101.549","27.4","2011-07","4.56"
"MYM00048647","SULTAN ABDUL AZIZ SHAH INTERNATIONAL, MY","3.131","101.549","27.4","2011-08","9.35"
"MYM00048647","SULTAN ABDUL AZIZ SHAH INTERNATIONAL, MY","3.131","101.549","27.4","2011-09","7.93"
"MYM00048647","SULTAN ABDUL AZIZ SHAH INTERNATIONAL, MY","3.131","101.549","27.4","2011-10","11.80"
"MYM00048647","SULTAN ABDUL AZIZ SHAH INTERNATIONAL, MY","3.131","101.549","27.4","2011-11","13.66"
"MYM00048647","SULTAN ABDUL AZIZ SHAH INTERNATIONAL, MY","3.131","101.549","27.4","2011-12","8.69"
"MYM00048647","SULTAN ABDUL AZIZ SHAH INTERNATIONAL, MY","3.131","101.549","27.4","2012-01","7.62"
"MYM00048647","SULTAN ABDUL AZIZ SHAH INTERNATIONAL, MY","3.131","101.549","27.4","2012-02","14.41"
"MYM00048647","SULTAN ABDUL AZIZ SHAH INTERNATIONAL, MY","3.131","101.549","27.4","2012-03","8.67"
"MYM00048647","SULTAN ABDUL AZIZ SHAH INTERNATIONAL, MY","3.131","101.549","27.4","2012-04","7.91"
"MYM00048647","SULTAN ABDUL AZIZ SHAH INTERNATIONAL, MY","3.131","101.549","27.4","2012-05","6.72"
"MYM00048647","SULTAN ABDUL AZIZ SHAH INTERNATIONAL, MY","3.131","101.549","27.4","2012-06","4.14"
"MYM00048647","SULTAN ABDUL AZIZ SHAH INTERNATIONAL, MY","3.131","101.549","27.4","2012-07","4.56"
"MYM00048647","SULTAN ABDUL AZIZ SHAH INTERNATIONAL, MY","3.131","101.549","27.4","2012-08","9.50"
"MYM00048647","SULTAN ABDUL AZIZ SHAH INTERNATIONAL, MY","3.131","101.549","27.4","2012-09","5.19"
"MYM00048647","SULTAN ABDUL AZIZ SHAH INTERNATIONAL, MY","3.131","101.549","27.4","2012-10","13.13"
"MYM00048647","SULTAN ABDUL AZIZ SHAH INTERNATIONAL, MY","3.131","101.549","27.4","2012-11","17.80"
"MYM00048647","SULTAN ABDUL AZIZ SHAH INTERNATIONAL, MY","3.131","101.549","27.4","2012-12","21.49"
"MYM00048647","SULTAN ABDUL AZIZ SHAH INTERNATIONAL, MY","3.131","101.549","27.4","2013-01","9.33"
"MYM00048647","SULTAN ABDUL AZIZ SHAH INTERNATIONAL, MY","3.131","101.549","27.4","2013-02","13.00"
"MYM00048647","SULTAN ABDUL AZIZ SHAH INTERNATIONAL, MY","3.131","101.549","27.4","2013-03","7.99"
"MYM00048647","SULTAN ABDUL AZIZ SHAH INTERNATIONAL, MY","3.131","101.549","27.4","2013-04","10.80"
"MYM00048647","SULTAN ABDUL AZIZ SHAH INTERNATIONAL, MY","3.131","101.549","27.4","2013-05","9.70"
"MYM00048647","SULTAN ABDUL AZIZ SHAH INTERNATIONAL, MY","3.131","101.549","27.4","2013-06","2.49"
"MYM00048647","SULTAN ABDUL AZIZ SHAH INTERNATIONAL, MY","3.131","101.549","27.4","2013-07","6.39"
"MYM00048647","SULTAN ABDUL AZIZ SHAH INTERNATIONAL, MY","3.131","101.549","27.4","2013-08","3.37"
"MYM00048647","SULTAN ABDUL AZIZ SHAH INTERNATIONAL, MY","3.131","101.549","27.4","2013-09","14.07"
"MYM00048647","SULTAN ABDUL AZIZ SHAH INTERNATIONAL, MY","3.131","101.549","27.4","2013-10","5.25"
"MYM00048647","SULTAN ABDUL AZIZ SHAH INTERNATIONAL, MY","3.131","101.549","27.4","2013-11","18.50"
"MYM00048647","SULTAN ABDUL AZIZ SHAH INTERNATIONAL, MY","3.131","101.549","27.4","2013-12","12.39"
"MYM00048647","SULTAN ABDUL AZIZ SHAH INTERNATIONAL, MY","3.131","101.549","27.4","2014-01","5.69"
"MYM00048647","SULTAN ABDUL AZIZ SHAH INTERNATIONAL, MY","3.131","101.549","27.4","2014-02","0.27"
"MYM00048647","SULTAN ABDUL AZIZ SHAH INTERNATIONAL, MY","3.131","101.549","27.4","2014-03","5.60"
"MYM00048647","SULTAN ABDUL AZIZ SHAH INTERNATIONAL, MY","3.131","101.549","27.4","2014-04","12.87"
"MYM00048647","SULTAN ABDUL AZIZ SHAH INTERNATIONAL, MY","3.131","101.549","27.4","2014-05","14.40"
"MYM00048647","SULTAN ABDUL AZIZ SHAH INTERNATIONAL, MY","3.131","101.549","27.4","2014-06","1.22"
"MYM00048647","SULTAN ABDUL AZIZ SHAH INTERNATIONAL, MY","3.131","101.549","27.4","2014-07","4.65"
"MYM00048647","SULTAN ABDUL AZIZ SHAH INTERNATIONAL, MY","3.131","101.549","27.4","2014-08","7.90"
"MYM00048647","SULTAN ABDUL AZIZ SHAH INTERNATIONAL, MY","3.131","101.549","27.4","2014-09","8.00"
"MYM00048647","SULTAN ABDUL AZIZ SHAH INTERNATIONAL, MY","3.131","101.549","27.4","2014-10","10.82"
"MYM00048647","SULTAN ABDUL AZIZ SHAH INTERNATIONAL, MY","3.131","101.549","27.4","2014-11","15.45"
"MYM00048647","SULTAN ABDUL AZIZ SHAH INTERNATIONAL, MY","3.131","101.549","27.4","2014-12","14.12"
"MYM00048647","SULTAN ABDUL AZIZ SHAH INTERNATIONAL, MY","3.131","101.549","27.4","2015-01","7.10"
"MYM00048647","SULTAN ABDUL AZIZ SHAH INTERNATIONAL, MY","3.131","101.549","27.4","2015-02","6.95"
"MYM00048647","SULTAN ABDUL AZIZ SHAH INTERNATIONAL, MY","3.131","101.549","27.4","2015-05","6.24"
"MYM00048647","SULTAN ABDUL AZIZ SHAH INTERNATIONAL, MY","3.131","101.549","27.4","2015-06","7.24"
"MYM00048647","SULTAN ABDUL AZIZ SHAH INTERNATIONAL, MY","3.131","101.549","27.4","2015-07","3.44"
"MYM00048647","SULTAN ABDUL AZIZ SHAH INTERNATIONAL, MY","3.131","101.549","27.4","2015-08","12.87"
"MYM00048647","SULTAN ABDUL AZIZ SHAH INTERNATIONAL, MY","3.131","101.549","27.4","2015-09","7.71"
"MYM00048647","SULTAN ABDUL AZIZ SHAH INTERNATIONAL, MY","3.131","101.549","27.4","2015-10","12.75"
"MYM00048647","SULTAN ABDUL AZIZ SHAH INTERNATIONAL, MY","3.131","101.549","27.4","2015-11","21.39"
"MYM00048647","SULTAN ABDUL AZIZ SHAH INTERNATIONAL, MY","3.131","101.549","27.4","2015-12","16.74"
"MYM00048647","SULTAN ABDUL AZIZ SHAH INTERNATIONAL, MY","3.131","101.549","27.4","2016-01","9.43"
"MYM00048647","SULTAN ABDUL AZIZ SHAH INTERNATIONAL, MY","3.131","101.549","27.4","2016-02","2.98"
"MYM00048647","SULTAN ABDUL AZIZ SHAH INTERNATIONAL, MY","3.131","101.549","27.4","2016-03","4.57"
"MYM00048647","SULTAN ABDUL AZIZ SHAH INTERNATIONAL, MY","3.131","101.549","27.4","2016-04","10.20"
"MYM00048647","SULTAN ABDUL AZIZ SHAH INTERNATIONAL, MY","3.131","101.549","27.4","2016-05","14.57"
"MYM00048647","SULTAN ABDUL AZIZ SHAH INTERNATIONAL, MY","3.131","101.549","27.4","2016-06","7.22"
"MYM00048647","SULTAN ABDUL AZIZ SHAH INTERNATIONAL, MY","3.131","101.549","27.4","2016-07","9.11"
"MYM00048647","SULTAN ABDUL AZIZ SHAH INTERNATIONAL, MY","3.131","101.549","27.4","2016-08","4.60"
"MYM00048647","SULTAN ABDUL AZIZ SHAH INTERNATIONAL, MY","3.131","101.549","27.4","2016-09","9.80"
"MYM00048647","SULTAN ABDUL AZIZ SHAH INTERNATIONAL, MY","3.131","101.549","27.4","2016-10","6.57"
"MYM00048647","SULTAN ABDUL AZIZ SHAH INTERNATIONAL, MY","3.131","101.549","27.4","2016-11","14.54"
"MYM00048647","SULTAN ABDUL AZIZ SHAH INTERNATIONAL, MY","3.131","101.549","27.4","2016-12","10.08"
"MYM00048647","SULTAN ABDUL AZIZ SHAH INTERNATIONAL, MY","3.131","101.549","27.4","2017-01","9.63"
"MYM00048647","SULTAN ABDUL AZIZ SHAH INTERNATIONAL, MY","3.131","101.549","27.4","2017-02","4.19"
"MYM00048647","SULTAN ABDUL AZIZ SHAH INTERNATIONAL, MY","3.131","101.549","27.4","2017-03","8.66"
"MYM00048647","SULTAN ABDUL AZIZ SHAH INTERNATIONAL, MY","3.131","101.549","27.4","2017-04","11.89"
"MYM00048647","SULTAN ABDUL AZIZ SHAH INTERNATIONAL, MY","3.131","101.549","27.4","2017-05","9.71"
"MYM00048647","SULTAN ABDUL AZIZ SHAH INTERNATIONAL, MY","3.131","101.549","27.4","2017-06","7.99"
"MYM00048647","SULTAN ABDUL AZIZ SHAH INTERNATIONAL, MY","3.131","101.549","27.4","2017-07","5.78"
"MYM00048647","SULTAN ABDUL AZIZ SHAH INTERNATIONAL, MY","3.131","101.549","27.4","2017-08","11.44"
"MYM00048647","SULTAN ABDUL AZIZ SHAH INTERNATIONAL, MY","3.131","101.549","27.4","2017-09","10.30"
"MYM00048647","SULTAN ABDUL AZIZ SHAH INTERNATIONAL, MY","3.131","101.549","27.4","2017-10","6.68"
"MYM00048647","SULTAN ABDUL AZIZ SHAH INTERNATIONAL, MY","3.131","101.549","27.4","2017-11","13.31"
"MYM00048647","SULTAN ABDUL AZIZ SHAH INTERNATIONAL, MY","3.131","101.549","27.4","2017-12","3.25"
"MYM00048647","SULTAN ABDUL AZIZ SHAH INTERNATIONAL, MY","3.131","101.549","27.4","2018-01","17.13"
"MYM00048647","SULTAN ABDUL AZIZ SHAH INTERNATIONAL, MY","3.131","101.549","27.4","2018-02","5.20"
"MYM00048647","SULTAN ABDUL AZIZ SHAH INTERNATIONAL, MY","3.131","101.549","27.4","2018-03","13.54"
"MYM00048647","SULTAN ABDUL AZIZ SHAH INTERNATIONAL, MY","3.131","101.549","27.4","2018-04","7.46"
"MYM00048647","SULTAN ABDUL AZIZ SHAH INTERNATIONAL, MY","3.131","101.549","27.4","2018-05","22.01"
"MYM00048647","SULTAN ABDUL AZIZ SHAH INTERNATIONAL, MY","3.131","101.549","27.4","2018-06","7.70"
"MYM00048647","SULTAN ABDUL AZIZ SHAH INTERNATIONAL, MY","3.131","101.549","27.4","2018-07","4.58"
"MYM00048647","SULTAN ABDUL AZIZ SHAH INTERNATIONAL, MY","3.131","101.549","27.4","2018-08","4.06"
"MYM00048647","SULTAN ABDUL AZIZ SHAH INTERNATIONAL, MY","3.131","101.549","27.4","2018-09","12.82"
"MYM00048647","SULTAN ABDUL AZIZ SHAH INTERNATIONAL, MY","3.131","101.549","27.4","2018-10","18.18"
"MYM00048647","SULTAN ABDUL AZIZ SHAH INTERNATIONAL, MY","3.131","101.549","27.4","2018-11","16.90"
"MYM00048647","SULTAN ABDUL AZIZ SHAH INTERNATIONAL, MY","3.131","101.549","27.4","2018-12","8.62"
"MYM00048647","SULTAN ABDUL AZIZ SHAH INTERNATIONAL, MY","3.131","101.549","27.4","2019-01","9.66"
"MYM00048647","SULTAN ABDUL AZIZ SHAH INTERNATIONAL, MY","3.131","101.549","27.4","2019-02","7.16"
"MYM00048647","SULTAN ABDUL AZIZ SHAH INTERNATIONAL, MY","3.131","101.549","27.4","2019-03","6.68"
"MYM00048647","SULTAN ABDUL AZIZ SHAH INTERNATIONAL, MY","3.131","101.549","27.4","2019-04","13.87"
"MYM00048647","SULTAN ABDUL AZIZ SHAH INTERNATIONAL, MY","3.131","101.549","27.4","2019-05","9.72"
"MYM00048647","SULTAN ABDUL AZIZ SHAH INTERNATIONAL, MY","3.131","101.549","27.4","2019-06","9.13"
"MYM00048647","SULTAN ABDUL AZIZ SHAH INTERNATIONAL, MY","3.131","101.549","27.4","2019-07","6.03"
"MYM00048647","SULTAN ABDUL AZIZ SHAH INTERNATIONAL, MY","3.131","101.549","27.4","2019-08","5.51"
"MYM00048647","SULTAN ABDUL AZIZ SHAH INTERNATIONAL, MY","3.131","101.549","27.4","2019-09","5.36"
"MYM00048647","SULTAN ABDUL AZIZ SHAH INTERNATIONAL, MY","3.131","101.549","27.4","2019-10","25.33"
"MYM00048647","SULTAN ABDUL AZIZ SHAH INTERNATIONAL, MY","3.131","101.549","27.4","2020-06","8.65"
"MYM00048647","SULTAN ABDUL AZIZ SHAH INTERNATIONAL, MY","3.131","101.549","27.4","2020-10","7.59"
"MYM00048647","SULTAN ABDUL AZIZ SHAH INTERNATIONAL, MY","3.131","101.549","27.4","2020-11","13.36"
"MYM00048647","SULTAN ABDUL AZIZ SHAH INTERNATIONAL, MY","3.131","101.549","27.4","2020-12","11.91"
"MYM00048647","SULTAN ABDUL AZIZ SHAH INTERNATIONAL, MY","3.131","101.549","27.4","2021-03","14.59"
"MYM00048647","SULTAN ABDUL AZIZ SHAH INTERNATIONAL, MY","3.131","101.549","27.4","2021-04","15.56"
"MYM00048647","SULTAN ABDUL AZIZ SHAH INTERNATIONAL, MY","3.131","101.549","27.4","2021-12","15.13"
"MYM00048647","SULTAN ABDUL AZIZ SHAH INTERNATIONAL, MY","3.131","101.549","27.4","2022-01","9.32"
"MYM00048647","SULTAN ABDUL AZIZ SHAH INTERNATIONAL, MY","3.131","101.549","27.4","2022-02","6.55"
"MYM00048647","SULTAN ABDUL AZIZ SHAH INTERNATIONAL, MY","3.131","101.549","27.4","2022-04","6.72"
"MYM00048647","SULTAN ABDUL AZIZ SHAH INTERNATIONAL, MY","3.131","101.549","27.4","2022-05","3.44"
"MYM00048647","SULTAN ABDUL AZIZ SHAH INTERNATIONAL, MY","3.131","101.549","27.4","2022-06","10.71"
"MYM00048647","SULTAN ABDUL AZIZ SHAH INTERNATIONAL, MY","3.131","101.549","27.4","2022-07","4.10"
"MYM00048647","SULTAN ABDUL AZIZ SHAH INTERNATIONAL, MY","3.131","101.549","27.4","2022-08","9.07"
"MYM00048647","SULTAN ABDUL AZIZ SHAH INTERNATIONAL, MY","3.131","101.549","27.4","2022-09","6.31"
"MYM00048647","SULTAN ABDUL AZIZ SHAH INTERNATIONAL, MY","3.131","101.549","27.4","2022-10","7.11"
"MYM00048647","SULTAN ABDUL AZIZ SHAH INTERNATIONAL, MY","3.131","101.549","27.4","2022-11","14.96"
"MYM00048647","SULTAN ABDUL AZIZ SHAH INTERNATIONAL, MY","3.131","101.549","27.4","2022-12","13.71"
"MYM00048647","SULTAN ABDUL AZIZ SHAH INTERNATIONAL, MY","3.131","101.549","27.4","2023-01","8.01"
"MYM00048647","SULTAN ABDUL AZIZ SHAH INTERNATIONAL, MY","3.131","101.549","27.4","2023-02","4.20"
"MYM00048647","SULTAN ABDUL AZIZ SHAH INTERNATIONAL, MY","3.131","101.549","27.4","2023-04","9.18"
"MYM00048647","SULTAN ABDUL AZIZ SHAH INTERNATIONAL, MY","3.131","101.549","27.4","2023-05","10.73"
"MYM00048647","SULTAN ABDUL AZIZ SHAH INTERNATIONAL, MY","3.131","101.549","27.4","2023-06","5.28"
"MYM00048647","SULTAN ABDUL AZIZ SHAH INTERNATIONAL, MY","3.131","101.549","27.4","2023-07","8.84"
"MYM00048647","SULTAN ABDUL AZIZ SHAH INTERNATIONAL, MY","3.131","101.549","27.4","2023-08","9.77"
"MYM00048647","SULTAN ABDUL AZIZ SHAH INTERNATIONAL, MY","3.131","101.549","27.4","2023-09","3.46"
"MYM00048647","SULTAN ABDUL AZIZ SHAH INTERNATIONAL, MY","3.131","101.549","27.4","2023-10","16.61"
"MYM00048647","SULTAN ABDUL AZIZ SHAH INTERNATIONAL, MY","3.131","101.549","27.4","2023-11","13.67"
"MYM00048647","SULTAN ABDUL AZIZ SHAH INTERNATIONAL, MY","3.131","101.549","27.4","2023-12","17.65"
"MYM00048647","SULTAN ABDUL AZIZ SHAH INTERNATIONAL, MY","3.131","101.549","27.4","2024-02","7.70"
"MYM00048647","SULTAN ABDUL AZIZ SHAH INTERNATIONAL, MY","3.131","101.549","27.4","2024-04","12.01"
"MYM00048647","SULTAN ABDUL AZIZ SHAH INTERNATIONAL, MY","3.131","101.549","27.4","2024-05","12.22"
"MYM00048647","SULTAN ABDUL AZIZ SHAH INTERNATIONAL, MY","3.131","101.549","27.4","2024-06","10.19"
"MYM00048647","SULTAN ABDUL AZIZ SHAH INTERNATIONAL, MY","3.131","101.549","27.4","2024-08","7.94"
"MYM00048647","SULTAN ABDUL AZIZ SHAH INTERNATIONAL, MY","3.131","101.549","27.4","2024-09","6.72"
"MYM00048647","SULTAN ABDUL AZIZ SHAH INTERNATIONAL, MY","3.131","101.549","27.4","2024-10","14.31"
"MYM00048647","SULTAN ABDUL AZIZ SHAH INTERNATIONAL, MY","3.131","101.549","27.4","2025-01","12.51"
"MYM00048647","SULTAN ABDUL AZIZ SHAH INTERNATIONAL, MY","3.131","101.549","27.4","2025-03","9.39"
"MYM00048647","SULTAN ABDUL AZIZ SHAH INTERNATIONAL, MY","3.131","101.549","27.4","2025-04","22.96"
"MYM00048647","SULTAN ABDUL AZIZ SHAH INTERNATIONAL, MY","3.131","101.549","27.4","2025-05","8.08"
